subject,difficulty,topic,question,options,answer,hint
russian,easy,Орфография. Безударные гласные,В каком слове пропущена буква «о»?,"[""в_да"", ""тр_ва"", ""з_мля"", ""л_сток""]",в_да,Подберите проверочное слово с ударением на пропущенную гласную
russian,easy,Орфография. Безударные гласные,В каком слове пропущена буква «е»?,"[""в_сна"", ""м_ровой"", ""п_сатель"", ""кр_сивый""]",в_сна,Проверочное слово должно иметь ударение на эту гласную
russian,easy,Части речи,Какое слово является глаголом?,"[""бежать"", ""красный"", ""быстро"", ""дерево""]",бежать,Глагол отвечает на вопросы «что делать?» или «что сделать?»
russian,easy,Части речи,Какое слово является прилагательным?,"[""солнечный"", ""бегать"", ""дом"", ""весело""]",солнечный,Прилагательное отвечает на вопрос «какой?»
russian,easy,Антонимы,Какое слово является антонимом к слову «горячий»?,"[""холодный"", ""тёплый"", ""жаркий"", ""знойный""]",холодный,Антонимы — слова с противоположным значением
russian,easy,Синонимы,Какое слово является синонимом к слову «большой»?,"[""огромный"", ""маленький"", ""узкий"", ""низкий""]",огромный,"Синонимы — слова, близкие по значению"
russian,easy,Орфография. ЖИ-ШИ,В каком слове допущена ошибка?,"[""жыраф"", ""машина"", ""шило"", ""живот""]",жыраф,Вспомните правило написания ЖИ-ШИ
russian,easy,Орфография. ЧА-ЩА,Какое слово написано правильно?,"[""чаща"", ""чящя"", ""щявель"", ""чяйник""]",чаща,ЧА-ЩА пишется с определённой гласной
russian,easy,Члены предложения,Чем является слово «кошка» в предложении «Кошка спит на диване»?,"[""подлежащим"", ""сказуемым"", ""дополнением"", ""определением""]",подлежащим,Подлежащее отвечает на вопрос «к��о?» или «что?»
russian,easy,Члены предложения,Чем является слово «читает» в предложении «Мальчик читает книгу»?,"[""сказуемым"", ""подлежащим"", ""дополнением"", ""обстоятельством""]",сказуемым,Сказуемое обозначает действие подлежащего
russian,easy,Род имён существительных,Какого рода слово «окно»?,"[""среднего"", ""мужского"", ""женского"", ""общего""]",среднего,"Подставьте местоимение «оно», «он» или «она»"
russian,easy,Род имён существительных,Какого рода слово «книга»?,"[""женского"", ""мужского"", ""среднего"", ""общего""]",женского,"Подставьте местоимение «она», «он» или «оно»"
russian,easy,Множественное число,Какова форма множественного числа слова «стул»?,"[""стулья"", ""стулы"", ""стулы"", ""стулия""]",стулья,Некоторые существительные образуют множественное число нестандартно
russian,easy,Ударение,В каком слове ударение падает на второй слог?,"[""звонИт"", ""тОрты"", ""бАнты"", ""шАрфы""]",звонИт,Произнесите каждое слово вслух
russian,easy,Орфография. Непроизносимые согласные,В каком слове есть непроизносимая согласная?,"[""солнце"", ""красный"", ""весна"", ""лесной""]",солнце,"Найдите слово, где буква пишется, но не произносится"
russian,easy,Орфография. Парные согласные,Какую букву нужно написать в слове «хле_»?,"[""б"", ""п"", ""в"", ""ф""]",б,"Подберите проверочное слово, где согласная слышится чётко"
russian,easy,Типы предложений,Какое предложение является вопросительным?,"[""Ты идёшь домой?"", ""Какой прекрасный день!"", ""Солнце светит ярко."", ""Иди сюда.""]",Ты идёшь домой?,Вопросительные предложения содержат вопрос
russian,easy,Типы предложений,Какое предложение является побудительным?,"[""Закрой дверь."", ""На улице идёт дождь."", ""Какая красивая птица!"", ""Ты любишь читать?""]",Закрой дверь.,Побудительные предложения выражают просьбу или приказ
russian,easy,Алфавит,Какая буква идёт после «М» в русском алфавите?,"[""Н"", ""О"", ""Л"", ""П""]",Н,Вспомните порядок букв в алфавите
russian,easy,Слоги,Сколько слогов в слове «молоко»?,"[""3"", ""2"", ""4"", ""1""]",3,Сколько гласных — столько и слогов
russian,medium,Пунктуация. Запятые,В каком предложении запятая поставлена правильно?,"[""Мама, я пришёл домой."", ""Мама я, пришёл домой."", ""Мама я пришёл, домой."", ""Мама я пришёл домой.""]","Мама, я пришёл домой.",Обращение выделяется запятыми
russian,medium,Пунктуация. Сложные предложения,Где нужно поставить запятую: «Солнце светило(1) и(2) птицы пели(3) весёлые песни»?,"[""1"", ""2"", ""3"", ""Нигде""]",1,Части сложносочинённого предложения разделяются запятой
russian,medium,Спряжение глаголов,К какому спряжению относится глагол «дышать»?,"[""II спряжение"", ""I спряжение"", ""Разноспрягаемый"", ""Не определяется""]",II спряжение,"Это глагол-исключение, оканчивающийся на -ать"
russian,medium,Спряжение глаголов,Какое окончание будет у глагола «строить» в форме 3-го лица множественного числа?,"[""-ят"", ""-ют"", ""-ат"", ""-ут""]",-ят,Определите спряжение глагола по инфинитиву
russian,medium,Причастия,Какое слово является причастием?,"[""читающий"", ""чтение"", ""читать"", ""читательский""]",читающий,Причастие обладает признаками глагола и прилагательного
russian,medium,Деепричастия,Какое слово является деепричастием?,"[""прочитав"", ""читающий"", ""прочитанный"", ""чтение""]",прочитав,Деепричастие отвечает на вопросы «что делая?» или «что сделав?»
russian,medium,Н и НН в прилагательных,В каком слове пишется НН?,"[""стеклянный"", ""кожаный"", ""серебряный"", ""песчаный""]",стеклянный,Вспомните слова-исключения с суффиксом -ЯНН-
russian,medium,Н и НН в причастиях,В каком слове пишется НН?,"[""прочитанная книга"", ""жареная рыба"", ""вязаный свитер"", ""печёное яблоко""]",прочитанная книга,НН пишется в полных страдательных причастиях с приставкой
russian,medium,Падежи,В каком падеже стоит слово «книгой» в предложении «Я увлечён интересной книгой»?,"[""творительный"", ""родительный"", ""дательный"", ""винительный""]",творительный,Творительный падеж отвечает на вопросы «кем?» или «чем?»
russian,medium,НЕ с глаголами,В каком случае НЕ пишется слитно?,"[""ненавидеть"", ""не читать"", ""не бежать"", ""не спать""]",ненавидеть,"НЕ пишется слитно с глаголами, которые без НЕ не употребляются"
russian,medium,НЕ с прилагательными,В каком случае НЕ пишется раздельно?,"[""не большой, а маленький"", ""неинтересный фильм"", ""нелепый поступок"", ""небольшой дом""]","не большой, а маленький",НЕ пишется раздельно при противопоставлении с союзом «а»
russian,medium,Приставки ПРЕ- и ПРИ-,В каком слове пишется приставка ПРИ-?,"[""приехать"", ""преграда"", ""превратить"", ""преобразовать""]",приехать,"ПРИ- имеет значение приближения, присоединения"
russian,medium,Приставки ПРЕ- и ПРИ-,В каком слове пишется приставка ПРЕ-?,"[""преодолеть"", ""приклеить"", ""прибежать"", ""приготовить""]",преодолеть,ПРЕ- часто имеет значение «пере-» или «очень»
russian,medium,Чередование гласных,Какую букву нужно написать в слове «заг_рать»?,"[""о"", ""а"", ""е"", ""и""]",о,"В корне -гор-/-гар- под ударением пишется А, без ударения — О"
russian,medium,Чередование гласных,Какую букву нужно написать в слове «выр_сти»?,"[""а"", ""о"", ""е"", ""и""]",а,"Перед СТ и Щ пишется А, перед С — О"
russian,medium,Разряды местоимений,К какому разряду относится местоимение «никто»?,"[""отрицательное"", ""личное"", ""указательное"", ""притяжательное""]",отрицательное,Это местоимение выражает отсутствие лица
russian,medium,Словообразование,Каким способом образовано слово «подоконник»?,"[""приставочно-суффиксальный"", ""приставочный"", ""суффиксальный"", ""сложение""]",приставочно-суффиксальный,"Определите, какие морфемы добавлены к корню"
russian,medium,Виды связи в словосочетании,Какой вид связи в словосочетании «интересная книга»?,"[""согласование"", ""управление"", ""примыкание"", ""координация""]",согласование,"При согласовании зависимое слово уподобляется главному в роде, числе, падеже"
russian,medium,Виды связи в словосочетании,Какой вид связи в словосочетании «читать книгу»?,"[""управление"", ""согласование"", ""примыкание"", ""сочинение""]",управление,При управлении главное слово требует от зависимого определённого падежа
russian,hard,Пунктуация. Обособление,В каком предложении причастный оборот обособляется?,"[""Книга, лежащая на столе, очень интересная."", ""Лежащая на столе книга очень интересная."", ""Прочитанная мной книга понравилась."", ""Написанное письмо отправлено.""]","Книга, лежащая на столе, очень интересная.","Причастный оборот обособляется, если стоит после определяемого слова"
russian,hard,Пунктуация. Деепричастный оборот,В каком предложении допущена пунктуационная ошибка?,"[""Он шёл не оглядываясь."", ""Прочитав книгу, я задумался."", ""Она сидела, глядя в окно."", ""Улыбаясь, он подошёл ко мне.""]",Он шёл не оглядываясь.,"Деепричастный оборот обычно обособляется, но есть исключения"
russian,hard,Сложноподчинённые предложения,"Определите тип придаточного: «Я знаю, что ты придёшь».","[""изъяснительное"", ""определительное"", ""обстоятельственное причины"", ""обстоятельственное цели""]",изъяснительное,Изъяснительные придаточные отвечают на вопросы косвенных падежей
russian,hard,Сложноподчинённые предложения,"Определите тип придаточного: «Дом, в котором я живу, находится в центре».","[""определительное"", ""изъяснительное"", ""обстоятельственное места"", ""присоединительное""]",определительное,Определительные придаточные отвечают на вопрос «какой?»
russian,hard,Грамматические нормы,В каком предложении нет грамматической ошибки?,"[""Благодаря помощи друзей я справился."", ""Благодаря помощи друзей, я справился."", ""Благодаря помощь друзей я справился."", ""Благодаря друзьям помощи я справился.""]",Благодаря помощи друзей я справился.,Предлог «благодаря» требует дательного падежа
russian,hard,Грамматические нормы,Какое предложение содержит ошибку в употреблении деепричастного оборота?,"[""Подъезжая к станции, у меня слетела шляпа."", ""Читая книгу, я делал заметки."", ""Закончив работу, он отправился домой."", ""Гуляя по парку, мы любовались природой.""]","Подъезжая к станции, у меня слетела шляпа.",Действие деепричастия должно относиться к подлежащему
russian,hard,Синтаксические нормы,В каком предложении нарушена синтаксическая норма?,"[""Те, кто пришли, остались довольны."", ""Те, кто пришёл, остались довольны."", ""Все, кто пришёл, остались довольны."", ""Каждый, кто пришёл, остался доволен.""]","Те, кто пришли, остались довольны.",Сказуемое при местоимении «кто» стоит в единственном числе
russian,hard,Правописание наречий,В каком случае наречие пишется через дефис?,"[""по-новому"", ""понемногу"", ""попусту"", ""поровну""]",по-новому,"Через дефис пишутся наречия с приставкой ПО- и суффиксами -ОМУ, -ЕМУ, -И"
russian,hard,Правописание наречий,Как пишется слово «(в)двое»?,"[""вдвое"", ""в двое"", ""в-двое"", ""вдвоё""]",вдвое,"Наречия, образованные от числительных с приставкой В-, пишутся слитно"
russian,hard,Тире в предложении,В каком предложении тире поставлено правильно?,"[""Москва — столица России."", ""Москва, — столица России."", ""Москва столица — России."", ""— Москва столица России.""]",Москва — столица России.,"Тире ставится между подлежащим и сказуемым, выраженными существительными в именительном падеже"
russian,hard,Двоеточие в БСП,В каком бессоюзном сложном предложении нужно поставить двоеточие?,"[""Я выглянул в окно ( ) шёл дождь."", ""Наступила ночь ( ) все легли спать."", ""Прозвенел звонок ( ) урок начался."", ""Солнце село ( ) стало темно.""]",Я выглянул в окно ( ) шёл дождь.,"Двоеточие ставится, если вторая часть поясняет или дополняет первую"
russian,hard,Лексические нормы,В каком предложении допущена лексическая ошибка (плеоназм)?,"[""Он впервые дебютировал на сцене."", ""Он выступил на сцене."", ""Его дебют состоялся вчера."", ""Он впервые вышел на сцену.""]",Он впервые дебютировал на сцене.,Плеоназм — употребление лишних слов с одинаковым значением
russian,hard,Паронимы,В каком предложении правильно употреблён пароним?,"[""Он надел пальто и вышел."", ""Он одел пальто и вышел."", ""Он одел на себя пальто."", ""Он надел себе пальто.""]",Он надел пальто и вышел.,"«Надеть» — на себя, «одеть» — кого-то"
russian,hard,Стили речи,"К какому стилю относится текст: «Согласно приказу №123 от 01.09.2024, сотрудникам предоставляется отпуск»?","[""официально-деловой"", ""научный"", ""публицистический"", ""художественный""]",официально-деловой,Обратите внимание на канцелярские обороты и структуру
russian,hard,Средства выразительности,Какое средство выразительности использовано: «Золотая осень накрыла город»?,"[""метафора"", ""сравнение"", ""эпитет"", ""гипербола""]",метафора,"Метафора — скрытое сравнение, перенос значения"
russian,hard,Средства выразительности,Какое средство выразительности использовано: «Я сто раз тебе говорил»?,"[""гипербола"", ""литота"", ""метафора"", ""олицетворение""]",гипербола,Гипербола — преувеличение
russian,hard,Морфологический разбор,Какой частью речи является слово «пять» в предложении «Нас было пятеро»?,"[""числительное"", ""существительное"", ""прилагательное"", ""местоимение""]",числительное,Слово обозначает количество
history,easy,Древняя Русь,В каком году произошло Крещение Руси?,"[""988"", ""862"", ""1147"", ""1380""]",988,Это событие связано с князем Владимиром
history,easy,Древняя Русь,Кто считается основателем Древнерусского государства согласно «Повести временных лет»?,"[""Рюрик"", ""Олег"", ""Владимир"", ""Ярослав""]",Рюрик,Он был призван варягами в 862 году
history,easy,Древняя Русь,Какой город был столицей Древнерусского государства?,"[""Киев"", ""Новгород"", ""Москва"", ""Владимир""]",Киев,Этот город называли «матерью городов русских»
history,easy,Монгольское нашествие,В каком году произошла битва на реке Калке?,"[""1223"", ""1240"", ""1380"", ""1480""]",1223,Это было первое столкновение русских с монголами
history,easy,Московское государство,Кто был первым русским царём?,"[""Иван IV"", ""Иван III"", ""Пётр I"", ""Михаил Романов""]",Иван IV,Он известен под прозвищем «Грозный»
history,easy,Великая Отечественная война,В каком году началась Великая Отечественная война?,"[""1941"", ""1939"", ""1940"", ""1942""]",1941,Дата начала — 22 июня
history,easy,Великая Отечественная война,В каком году закончилась Великая Отечественная война?,"[""1945"", ""1944"", ""1946"", ""1943""]",1945,Победа была одержана в мае
history,easy,Правление Петра I,Какой город основал Пётр I в 1703 году?,"[""Санкт-Петербург"", ""Москва"", ""Екатеринбург"", ""Нижний Новгород""]",Санкт-Петербург,Этот город стал новой столицей России
history,easy,XIX век,В каком году была отменена крепостное право в России?,"[""1861"", ""1812"", ""1825"", ""1905""]",1861,Реформу провёл Александр II
history,easy,Отечественная война 1812 года,Кто командовал русской армией в Бородинской битве?,"[""Кутузов"", ""Суворов"", ""Багратион"", ""Барклай-де-Толли""]",Кутузов,Он был назначен главнокомандующим незадолго до битвы
history,easy,XX век,В каком году произошла Октябрьская революция?,"[""1917"", ""1905"", ""1914"", ""1922""]",1917,К власти пришли большевики
history,easy,XX век,В каком году был образован СССР?,"[""1922"", ""1917"", ""1924"", ""1936""]",1922,Союз был создан после окончания Гражданской войны
history,easy,Куликовская битва,В каком году произошла Куликовская битва?,"[""1380"", ""1480"", ""1240"", ""1242""]",1380,Русскими войсками командовал Дмитрий Донской
history,easy,Ледовое побоище,На каком озере произошло Ледовое побоище?,"[""Чудском"", ""Ладожском"", ""Онежском"", ""Ильмень""]",Чудском,Битва произошла в 1242 году
history,easy,Александр Невский,"Как звали князя, победившего шведов в Невской битве?","[""Александр"", ""Дмитрий"", ""Владимир"", ""Ярослав""]",Александр,После этой победы он получил своё прозвище
history,easy,Смутное время,Какой праздник отмечается в России 4 ноября?,"[""День народного единства"", ""День Победы"", ""День России"", ""День Конституции""]",День народного единства,Связан с освобождением Москвы в 1612 году
history,easy,Распад СССР,В каком году распался СССР?,"[""1991"", ""1989"", ""1993"", ""1985""]",1991,Это произошло в декабре
history,easy,Древняя Русь,При каком князе был составлен первый письменный свод законов «Русская Правда»?,"[""Ярославе Мудром"", ""Владимире Святом"", ""Олеге Вещем"", ""Святославе""]",Ярославе Мудром,Этот князь правил в XI веке
history,easy,Космонавтика,В каком году Юрий Гагарин совершил первый полёт в космос?,"[""1961"", ""1957"", ""1963"", ""1969""]",1961,Полёт состоялся 12 апреля
history,medium,Древняя Русь,Какое событие произошло в 862 году согласно «Повести временных лет»?,"[""Призвание варягов"", ""Крещение Руси"", ""Основание Киева"", ""Поход на Византию""]",Призвание варягов,Связано с приглашением Рюрика
history,medium,Феодальная раздробленность,Какой съезд князей в 1097 году закрепил принцип «каждый да держит отчину свою»?,"[""Любечский"", ""Витичевский"", ""Долобский"", ""Киевский""]",Любечский,Съезд был созван для прекращения междоусобиц
history,medium,Монгольское нашествие,Какой город оборонялся от монголов 7 недель в 1238 году?,"[""Козельск"", ""Рязань"", ""Владимир"", ""Киев""]",Козельск,Монголы прозвали его «злым городом»
history,medium,Возвышение Москвы,Какой князь получил право сбора дани со всех русских земель для Орды?,"[""Иван Калита"", ""Дмитрий Донской"", ""Иван III"", ""Юрий Долгорукий""]",Иван Калита,Его прозвище связано с денежным мешком
history,medium,Освобождение от ордынского ига,Какое событие 1480 года ознаменовало конец ордынского ига?,"[""Стояние на Угре"", ""Куликовская битва"", ""Битва на Калке"", ""Взятие Казани""]",Стояние на Угре,Войска Ивана III и хана Ахмата стояли на разных берегах реки
history,medium,Правление Ивана IV,"Как называлась система террора, введённая Иваном Грозным в 1565 году?","[""Опричнина"", ""Земщина"", ""Местничество"", ""Кормление""]",Опричнина,Это слово происходит от слова «опричь» — кроме
history,medium,Правление Ивана IV,Какой город был взят русскими войсками в 1552 году?,"[""Казань"", ""Астрахань"", ""Крым"", ""Новгород""]",Казань,В честь этого события был построен Покровский собор в Москве
history,medium,Смутное время,"Кто возглавил Второе ополчение, освободившее Москву в 1612 году?","[""Минин и Пожарский"", ""Болотников"", ""Шуйский"", ""Скопин-Шуйский""]",Минин и Пожарский,"Один был земским старостой, другой — князем"
history,medium,Правление Петра I,Какая война длилась с 1700 по 1721 год?,"[""Северная война"", ""Семилетняя война"", ""Ливонская война"", ""Русско-турецкая война""]",Северная война,Россия воевала со Швецией за выход к Балтийскому морю
history,medium,Правление Петра I,Какое сражение 1709 года стало переломным в Северной войне?,"[""Полтавская битва"", ""Битва при Нарве"", ""Гангутское сражение"", ""Битва при Лесной""]",Полтавская битва,В этой битве была разгромлена армия Карла XII
history,medium,Дворцовые перевороты,Какой период в истории России называют «эпохой дворцовых переворотов»?,"[""1725-1762"", ""1700-1725"", ""1762-1801"", ""1801-1825""]",1725-1762,Период начался после смерти Петра I
history,medium,Правление Екатерины II,Как называлось восстание 1773-1775 годов?,"[""Восстание Пугачёва"", ""Восстание Разина"", ""Восстание Болотникова"", ""Медный бунт""]",Восстание Пугачёва,Предводитель выдавал себя за Петра III
history,medium,Отечественная война 1812 года,Какое решение было принято на совете в Филях?,"[""Оставить Москву"", ""Дать генеральное сражение"", ""Отступать на юг"", ""Просить о мире""]",Оставить Москву,Это решение принял Кутузов
history,medium,Декабристы,В каком году произошло восстание декабристов?,"[""1825"", ""1812"", ""1861"", ""1881""]",1825,"Восстание произошло в декабре, отсюда и название"
history,medium,Крымская война,Какой город был осаждён в ходе Крымской войны 1853-1856 годов?,"[""Севастополь"", ""Одесса"", ""Керчь"", ""Ялта""]",Севастополь,Оборона этого города длилась 349 дней
history,medium,Великие реформы,Какая реформа была проведена в 1864 году и создала органы местного самоуправления?,"[""Земская реформа"", ""Крестьянская реформа"", ""Военная реформа"", ""Судебная реформа""]",Земская реформа,Были созданы земские собрания и управы
history,medium,Первая русская революция,Какое событие произошло 9 января 1905 года?,"[""Кровавое воскресенье"", ""Октябрьский манифест"", ""Восстание на броненосце «Потёмкин»"", ""Московское вооружённое восстание""]",Кровавое воскресенье,Мирная демонстрация была расстреляна
history,medium,Первая мировая война,В каком году Россия вступила в Первую мировую войну?,"[""1914"", ""1913"", ""1915"", ""1916""]",1914,Война началась летом этого года
history,medium,Великая Отечественная война,Какая битва считается коренным переломом в ходе Великой Отечественной войны?,"[""Сталинградская"", ""Московская"", ""Курская"", ""Берлинская""]",Сталинградская,Битва завершилась в феврале 1943 года
history,hard,Древняя Русь,Какой системой управления пользовались древнерусские князья для сбора дани до реформы Ольги?,"[""Полюдье"", ""Повоз"", ""Кормление"", ""Местничество""]",Полюдье,Князь с дружиной объезжал подвластные территории
history,hard,Древняя Русь,"Как называлась форма землевладения в Древней Руси, передаваемая по наследству?","[""Вотчина"", ""Поместье"", ""Надел"", ""Удел""]",Вотчина,"От слова «отец», «отчина»"
history,hard,Удельная раздробленность,В каком княжестве установилась боярская республика?,"[""Новгородском"", ""Владимиро-Суздальском"", ""Галицко-Волынском"", ""Черниговском""]",Новгородском,Высшим органом власти было вече
history,hard,Церковный раскол,Кто был главным противником реформ патриарха Никона?,"[""Протопоп Аввакум"", ""Митрополит Макарий"", ""Иосиф Волоцкий"", ""Нил Сорский""]",Протопоп Аввакум,Он был сожжён за свои убеждения в 1682 году
history,hard,Правление Петра I,Какой документ 1722 года определял порядок прохождения государственной службы?,"[""Табель о рангах"", ""Генеральный регламент"", ""Духовный регламент"", ""Воинский устав""]",Табель о рангах,Документ устанавливал 14 классов чинов
history,hard,Правление Петра I,Какая административная единица была введена Петром I вместо приказов?,"[""Коллегии"", ""Министерства"", ""Департаменты"", ""Ведомства""]",Коллегии,Их было создано 12 основных
history,hard,Правление Екатерины II,"Как назывался документ 1785 года, закреплявший привилегии дворянства?","[""Жалованная грамота дворянству"", ""Манифест о вольности дворянства"", ""Указ о единонаследии"", ""Соборное уложение""]",Жалованная грамота дворянству,Документ освобождал дворян от обязательной службы
history,hard,XIX век,Какой государственный деятель разработал проект реформ «Введение к уложению государственных законов»?,"[""Сперанский"", ""Аракчеев"", ""Новосильцев"", ""Карамзин""]",Сперанский,Его проект предполагал разделение властей
history,hard,Декабристы,Какую программу разработал Павел Пестель?,"[""Русская правда"", ""Конституция"", ""Зелёная книга"", ""Статут""]",Русская правда,Это была программа Южного общества
history,hard,Общественное движение XIX века,К какому направлению относились Хомяков и Киреевский?,"[""Славянофилы"", ""Западники"", ""Народники"", ""Либералы""]",Славянофилы,Они считали Россию особой цивилизацией
history,hard,Реформы Александра II,Какой срок выкупных платежей был установлен крестьянской реформой 1861 года?,"[""49 лет"", ""25 лет"", ""99 лет"", ""30 лет""]",49 лет,Платежи были отменены досрочно в 1907 году
history,hard,Реформы Александра II,Какой принцип был введён судебной реформой 1864 года?,"[""Состязательность сторон"", ""Сословный суд"", ""Закрытые заседания"", ""Отсутствие апелляции""]",Состязательность сторон,Также были введены суды присяжных
history,hard,Народничество,Какое событие называют «хождением в народ»?,"[""Массовое движение интеллигенции в деревню 1874 года"", ""Крестьянская реформа 1861 года"", ""Восстание декабристов 1825 года"", ""Манифест 17 октября 1905 года""]",Массовое движение интеллигенции в деревню 1874 года,Революционеры пытались вести агитацию среди крестьян
history,hard,Столыпинские реформы,Что такое «отруб» в контексте столыпинской аграрной реформы?,"[""Земельный участок, выделенный из общины без переселения"", ""Земельный участок с переселением на хутор"", ""Коллективное хозяйство"", ""Арендованная земля""]","Земельный участок, выделенный из общины без переселения","В отличие от хутора, крестьянин оставался в деревне"
history,hard,Гражданская война,Как называлась экономическая политика большевиков в годы Гражданской войны?,"[""Военный коммунизм"", ""НЭП"", ""Индустриализация"", ""Коллективизация""]",Военный коммунизм,Включала продразвёрстку и национализацию
history,hard,НЭП,В каком году была введена новая экономическая политика (НЭП)?,"[""1921"", ""1917"", ""1924"", ""1929""]",1921,Решение было принято на X съезде партии
history,hard,Великая Отечественная война,Какая операция 1944 года привела к разгрому группы армий «Центр»?,"[""Операция «Багратион»"", ""Операция «Уран»"", ""Операция «Кутузов»"", ""Операция «Искра»""]",Операция «Багратион»,Операция по освобождению Белоруссии
history,hard,Холодная война,Какое событие 1962 года поставило мир на грань ядерной войны?,"[""Карибский кризис"", ""Берлинский кризис"", ""Корейская война"", ""Венгерское восстание""]",Карибский кризис,Связан с размещением ракет на Кубе
history,hard,Перестройка,Какой курс провозгласил М.С. Горбачёв в 1985 году?,"[""Ускорение социально-экономического развития"", ""Развитой социализм"", ""Оттепель"", ""Застой""]",Ускорение социально-экономического развития,Позже политика стала называться перестройкой
math,easy,Арифметика,Чему равно 15 × 4?,"[""60"", ""54"", ""64"", ""56""]",60,Умножьте 15 на 4 или посчитайте как 10×4 + 5×4
math,easy,Арифметика,Чему равно 144 ÷ 12?,"[""12"", ""11"", ""13"", ""14""]",12,"Найдите число, которое при умножении на 12 даёт 144"
math,easy,Дроби,Чему равно 1/2 + 1/4?,"[""3/4"", ""2/6"", ""1/3"", ""2/4""]",3/4,Приведите дроби к общему знаменателю
math,easy,Дроби,Какая дробь больше: 2/3 или 3/5?,"[""2/3"", ""3/5"", ""Равны"", ""Невозможно сравнить""]",2/3,Приведите дроби к общему знаменателю 15
math,easy,Проценты,Чему равно 10% от 200?,"[""20"", ""10"", ""30"", ""25""]",20,10% — это одна десятая часть числа
math,easy,Проценты,Чему равно 50% от 80?,"[""40"", ""30"", ""50"", ""45""]",40,50% — это половина числа
math,easy,Периметр,Чему равен периметр квадрата со стороной 5 см?,"[""20 см"", ""25 см"", ""15 см"", ""10 см""]",20 см,Периметр квадрата равен сумме всех его сторон
math,easy,Площадь,Чему равна площадь прямоугольника со сторонами 3 см и 7 см?,"[""21 см²"", ""20 см²"", ""10 см²"", ""24 см²""]",21 см²,Площадь прямоугольника равна произведению сторон
math,easy,Порядок действий,Чему равно 2 + 3 × 4?,"[""14"", ""20"", ""24"", ""12""]",14,"Сначала выполняется умножение, потом сложение"
math,easy,Отрицательные числа,Чему равно (−5) + 8?,"[""3"", ""−3"", ""13"", ""−13""]",3,Прибавить положительное число — значит сместиться вправо по числовой прямой
math,easy,Отрицательные числа,Чему равно (−3) × (−4)?,"[""12"", ""−12"", ""7"", ""−7""]",12,Минус на минус даёт плюс
math,easy,Степени,Чему равно 2³?,"[""8"", ""6"", ""9"", ""4""]",8,2³ означает 2 × 2 × 2
math,easy,Степени,Чему равно 5²?,"[""25"", ""10"", ""15"", ""20""]",25,5² означает 5 × 5
math,easy,Корни,Чему равен √49?,"[""7"", ""6"", ""8"", ""9""]",7,"Найдите число, которое при возведении в квадрат даёт 49"
math,easy,Корни,Чему равен √81?,"[""9"", ""8"", ""10"", ""7""]",9,"Найдите число, которое при возведении в квадрат даёт 81"
math,easy,Уравнения,Решите уравнение: x + 7 = 15,"[""8"", ""22"", ""7"", ""9""]",8,Перенесите 7 в правую часть с противоположным знаком
math,easy,Уравнения,Решите уравнение: 3x = 18,"[""6"", ""15"", ""21"", ""5""]",6,Разделите обе части на 3
math,easy,Арифметика,Сколько будет 47 + 38?,"[""85"", ""84"", ""86"", ""75""]",85,Разбейте на удобные слагаемые: 47 + 38 = 47 + 3 + 35
math,easy,Арифметика,Чему равно 92 - 56?,"[""36"", ""46"", ""34"", ""38""]",36,"Можно вычесть сначала 50, потом ещё 6"
math,easy,Арифметика,Вычислите: 12 × 7,"[""84"", ""74"", ""82"", ""94""]",84,12 × 7 = 10 × 7 + 2 × 7
math,easy,Арифметика,Чему равно 144 ÷ 12?,"[""12"", ""11"", ""13"", ""14""]",12,Какое число при умножении на 12 даёт 144?
math,easy,Дроби,Чему равна сумма 1/4 + 1/4?,"[""1/2"", ""2/8"", ""1/8"", ""2/4""]",1/2,При одинаковых знаменателях складываем числители
math,easy,Проценты,Чему равны 50% от 80?,"[""40"", ""45"", ""35"", ""50""]",40,50% — это половина числа
math,easy,Геометрия,Чему равен периметр квадрата со стороной 5 см?,"[""20 см"", ""25 см"", ""15 см"", ""10 см""]",20 см,Периметр квадрата равен сумме всех четырёх сторон
math,easy,Геометрия,Найдите площадь прямоугольника со сторонами 6 и 8 см,"[""48 см²"", ""42 см²"", ""56 см²"", ""28 см²""]",48 см²,Площадь прямоугольника равна произведению сторон
math,easy,Уравнения,Решите уравнение: x + 7 = 15,"[""8"", ""7"", ""9"", ""22""]",8,Перенесите 7 в правую часть с противоположным знаком
math,easy,Порядок действий,Вычислите: 3 + 4 × 2,"[""11"", ""14"", ""10"", ""12""]",11,"Сначала выполняется умножение, потом сложение"
math,easy,Сравнение чисел,"Какое число больше: 0,5 или 0,49?","[""0,5"", ""0,49"", ""Равны"", ""Нельзя сравнить""]","0,5",Сравните сотые доли: 50 сотых и 49 сотых
math,easy,Округление,"Округлите 3,67 до десятых","[""3,7"", ""3,6"", ""4,0"", ""3,5""]","3,7",Смотрите на цифру в разряде сотых: 7 ≥ 5
math,easy,Таблица умножения,Чему равно 9 × 8?,"[""72"", ""81"", ""63"", ""64""]",72,9 × 8 = 9 × 10 - 9 × 2
math,easy,Делимость,Какое из чисел делится на 5?,"[""45"", ""43"", ""47"", ""41""]",45,"На 5 делятся числа, оканчивающиеся на 0 или 5"
math,easy,Чётность,Какое число является нечётным?,"[""37"", ""42"", ""28"", ""16""]",37,Нечётные числа не делятся на 2
math,easy,Простые числа,Какое из чисел является простым?,"[""17"", ""15"", ""21"", ""25""]",17,Простое число делится только на 1 и на себя
math,easy,НОД,"Найдите НОД(12, 18)","[""6"", ""3"", ""12"", ""2""]",6,"Найдите наибольшее число, на которое делятся оба"
math,easy,НОК,"Найдите НОК(4, 6)","[""12"", ""24"", ""6"", ""2""]",12,"Найдите наименьшее число, которое делится на оба"
math,easy,Степени,Чему равно 2³?,"[""8"", ""6"", ""9"", ""4""]",8,2³ = 2 × 2 × 2
math,easy,Корни,Чему равен √49?,"[""7"", ""6"", ""8"", ""9""]",7,Какое число при умножении на себя даёт 49?
math,medium,Квадратные уравнения,Решите уравнение x² - 5x + 6 = 0. Найдите сумму корней.,"[""5"", ""6"", ""-5"", ""1""]",5,По теореме Виета сумма корней равна -b/a
math,medium,Системы уравнений,"Решите систему: x + y = 7, x - y = 3. Чему равен x?","[""5"", ""2"", ""4"", ""3""]",5,"Сложите оба уравнения, чтобы найти x"
math,medium,Неравенства,Решите неравенство 2x - 4 > 6. Найдите наименьшее целое решение.,"[""6"", ""5"", ""4"", ""7""]",6,"Решите как уравнение, затем выберите нужную часть числовой прямой"
math,medium,Арифметическая прогрессия,"Найдите 10-й член арифметической прогрессии: 3, 7, 11, ...","[""39"", ""43"", ""35"", ""41""]",39,"Формула n-го члена: aₙ = a₁ + d(n-1), где d = 4"
math,medium,Геометрическая прогрессия,"Найдите 5-й член геометрической прогрессии: 2, 6, 18, ...","[""162"", ""54"", ""108"", ""486""]",162,"Формула n-го члена: bₙ = b₁ × qⁿ⁻¹, где q = 3"
math,medium,Теорема Пифагора,В прямоугольном треугольнике катеты равны 6 и 8. Чему равна гипотенуза?,"[""10"", ""12"", ""14"", ""7""]",10,c² = a² + b²
math,medium,Тригонометрия,Чему равен sin 30°?,"[""0,5"", ""1"", ""0"", ""√3/2""]","0,5",Вспомните значения тригонометрических функций для стандартных углов
math,medium,Функции,Найдите значение функции f(x) = 3x - 2 при x = 4,"[""10"", ""12"", ""14"", ""8""]",10,Подставьте значение x в формулу
math,medium,Логарифмы,Чему равен log₂ 32?,"[""5"", ""4"", ""6"", ""3""]",5,"В какую степень нужно возвести 2, чтобы получить 32?"
math,medium,Комбинаторика,Сколькими способами можно выбрать 2 книги из 5?,"[""10"", ""20"", ""25"", ""15""]",10,"Используйте формулу сочетаний C(5,2)"
math,medium,Вероятность,Какова вероятность выпадения чётного числа на кубике?,"[""1/2"", ""1/3"", ""1/6"", ""2/3""]",1/2,Сколько чётных чисел на кубике из 6 возможных?
math,medium,Площадь круга,Найдите площадь круга с радиусом 3 см (ответ в π),"[""9π см²"", ""6π см²"", ""3π см²"", ""12π см²""]",9π см²,S = πr²
math,medium,Объём,Найдите объём куба с ребром 4 см,"[""64 см³"", ""48 см³"", ""16 см³"", ""32 см³""]",64 см³,V = a³
math,medium,Пропорции,Решите пропорцию: 3/x = 9/15. Найдите x.,"[""5"", ""45"", ""3"", ""9""]",5,Произведение крайних равно произведению средних
math,medium,Проценты,"Товар подорожал на 20%. Какой была цена, если сейчас он стоит 120 рублей?","[""100 рублей"", ""96 рублей"", ""110 рублей"", ""80 рублей""]",100 рублей,120 рублей — это 120% от начальной цены
math,medium,Модуль числа,Решите уравнение |x - 3| = 5,"[""x = 8 или x = -2"", ""x = 8"", ""x = -2"", ""x = 2 или x = 8""]",x = 8 или x = -2,Модуль равен числу или его противоположному значению
math,medium,Рациональные уравнения,Решите уравнение: (x-2)/(x+1) = 0. Чему равен x?,"[""2"", ""-1"", ""0"", ""1""]",2,"Дробь равна нулю, когда числитель равен нулю"
math,medium,Степенные функции,Упростите выражение: 2³ × 2⁴,"[""128"", ""64"", ""256"", ""32""]",128,При умножении степеней с одинаковым основанием показатели складываются
math,medium,Квадратный корень,Упростите: √50,"[""5√2"", ""2√5"", ""10√5"", ""25√2""]",5√2,50 = 25 × 2 = 5² × 2
math,medium,Периметр,"Периметр прямоугольника 28 см, одна сторона 6 см. Найдите вторую сторону.","[""8 см"", ""10 см"", ""7 см"", ""11 см""]",8 см,"P = 2(a + b), значит a + b = 14"
math,hard,Тригонометрические уравнения,"Сколько корней имеет уравнение sin x = 0,5 на отрезке [0; 2π]?","[""2"", ""1"", ""3"", ""4""]",2,"sin x = 0,5 при x = π/6 и x = 5π/6"
math,hard,Логарифмические уравнения,Решите уравнение: log₃(x + 2) = 2,"[""7"", ""9"", ""4"", ""11""]",7,Перейдите от логарифма к показательной форме: x + 2 = 3²
math,hard,Показательные уравнения,Решите уравнение: 4ˣ = 32,"[""2,5"", ""3"", ""2"", ""4""]","2,5","Приведите к одному основанию: 4 = 2², 32 = 2⁵"
math,hard,Производные,Найдите производную функции f(x) = x³ - 2x² + 5,"[""3x² - 4x"", ""3x² - 4x + 5"", ""x² - 4x"", ""3x² - 2x""]",3x² - 4x,"Производная xⁿ равна n·xⁿ⁻¹, производная константы равна 0"
math,hard,Интегралы,Найдите первообразную функции f(x) = 6x²,"[""2x³ + C"", ""3x³ + C"", ""6x³ + C"", ""x³ + C""]",2x³ + C,Первообразная xⁿ равна xⁿ⁺¹/(n+1)
math,hard,Стереометрия,Найдите объём пирамиды с квадратным основанием со стороной 6 и высотой 5,"[""60"", ""180"", ""90"", ""120""]",60,V = (1/3) × S основания × h
math,hard,Комплексные числа,Чему равен модуль комплексного числа 3 + 4i?,"[""5"", ""7"", ""1"", ""25""]",5,|z| = √(a² + b²) для z = a + bi
math,hard,Пределы,Найдите предел: lim(x→∞) (3x² + x)/(x² + 1),"[""3"", ""0"", ""∞"", ""1""]",3,Разделите числитель и знаменатель на x²
math,hard,Неравенства с модулем,Решите неравенство |2x - 1| < 5. Найдите длину промежутка решений.,"[""5"", ""6"", ""4"", ""10""]",5,"-5 < 2x - 1 < 5, затем решите двойное неравенство"
math,hard,Теория чисел,Сколько делителей у числа 60?,"[""12"", ""10"", ""8"", ""6""]",12,"60 = 2² × 3 × 5, количество делителей = (2+1)(1+1)(1+1)"
math,hard,Комбинаторика,Сколькими способами можно расставить 5 человек в ряд?,"[""120"", ""60"", ""25"", ""100""]",120,Это число перестановок: n! = 5!
math,hard,Вероятность,"Из колоды 36 карт вытаскивают 2 карты. Какова вероятность, что обе — тузы?","[""1/105"", ""1/81"", ""1/36"", ""4/36""]",1/105,P = (4/36) × (3/35) = 12/1260
math,hard,Вписанные фигуры,Радиус вписанной в квадрат окружности равен 3. Чему равна сторона квадрата?,"[""6"", ""3√2"", ""9"", ""3""]",6,Диаметр вписанной окружности равен стороне квадрата
math,hard,Векторы,Найдите длину вектора a = (3; 4),"[""5"", ""7"", ""12"", ""1""]",5,|a| = √(x² + y²)
math,hard,Аналитическая геометрия,Найдите расстояние между точками A(1; 2) и B(4; 6),"[""5"", ""7"", ""25"", ""3""]",5,d = √((x₂-x₁)² + (y₂-y₁)²)
math,hard,Экстремумы функций,При каком x функция f(x) = x² - 4x + 3 достигает минимума?,"[""2"", ""3"", ""1"", ""4""]",2,Найдите вершину параболы: x = -b/(2a)
math,hard,Исследование функций,Сколько точек пересечения с осью x имеет функция y = x³ - x?,"[""3"", ""1"", ""2"", ""0""]",3,"Решите уравнение x³ - x = 0, вынесите x за скобки"
math,hard,Параметрические уравнения,При каких значениях a уравнение x² - 2x + a = 0 имеет два различных корня?,"[""a < 1"", ""a > 1"", ""a = 1"", ""a ≤ 1""]",a < 1,Дискриминант должен быть положительным: D = 4 - 4a > 0
physics,easy,Скорость,Автомобиль проехал 120 км за 2 часа. Какова его средняя скорость?,"[""60 км/ч"", ""40 км/ч"", ""80 км/ч"", ""100 км/ч""]",60 км/ч,Скорость = Расстояние / Время
physics,easy,Плотность,"Масса тела 800 г, объём 400 см³. Чему равна плотность?","[""2 г/см³"", ""0,5 г/см³"", ""3200 г/см³"", ""200 г/см³""]",2 г/см³,ρ = m / V
physics,easy,Масса и объём,Плотность воды 1 г/см³. Какова масса 500 см³ воды?,"[""500 г"", ""0,5 г"", ""50 г"", ""5000 г""]",500 г,m = ρ × V
physics,easy,Сила тяжести,"Чему равна сила тяжести, действующая на тело массой 5 кг? (g = 10 м/с²)","[""50 Н"", ""5 Н"", ""0,5 Н"", ""500 Н""]",50 Н,F = m × g
physics,easy,Давление,Сила 200 Н действует на площадь 4 м². Чему равно давление?,"[""50 Па"", ""800 Па"", ""100 Па"", ""40 Па""]",50 Па,P = F / S
physics,easy,Температура,Температура воздуха 20°C. Сколько это в Кельвинах?,"[""293 К"", ""253 К"", ""20 К"", ""273 К""]",293 К,T(K) = T(°C) + 273
physics,easy,Единицы измерения,Сколько метров в 3 километрах?,"[""3000 м"", ""300 м"", ""30 м"", ""30000 м""]",3000 м,1 км = 1000 м
physics,easy,Механическое движение,Какое движение называется равномерным?,"[""Движение с постоянной скоростью"", ""Движение с ускорением"", ""Движение по окружности"", ""Колебательное движение""]",Движение с постоянной скоростью,При равномерном движении скорость не изменяется
physics,easy,Инерция,Почему пассажир отклоняется назад при резком старте автобуса?,"[""Из-за инерции"", ""Из-за силы тяжести"", ""Из-за трения"", ""Из-за давления воздуха""]",Из-за инерции,Тело стремится сохранить состояние покоя
physics,easy,Простые механизмы,Какой простой механизм используется в ножницах?,"[""Рычаг"", ""Блок"", ""Ворот"", ""Наклонная плоскость""]",Рычаг,Ножницы состоят из двух рычагов с общей точкой опоры
physics,easy,Теплопередача,Как называется передача тепла через непосредственный контакт тел?,"[""Теплопроводность"", ""Конвекция"", ""Излучение"", ""Испарение""]",Теплопроводность,При этом молекулы передают энергию соседним молекулам
physics,easy,Агрегатные состояния,При каком процессе жидкость превращается в газ?,"[""Испарение"", ""Конденсация"", ""Плавление"", ""Кристаллизация""]",Испарение,Обратный процесс называется конденсацией
physics,easy,Электрический ток,В каких единицах измеряется сила тока?,"[""Амперах"", ""Вольтах"", ""Омах"", ""Ваттах""]",Амперах,Названа в честь французского физика Ампера
physics,easy,Напряжение,В каких единицах измеряется электрическое напряжение?,"[""Вольтах"", ""Амперах"", ""Омах"", ""Джоулях""]",Вольтах,Названа в честь итальянского физика Вольта
physics,easy,Сопротивление,В каких единицах измеряется электрическое сопротивление?,"[""Омах"", ""Амперах"", ""Вольтах"", ""Ваттах""]",Омах,Названа в честь немецкого физика Ома
physics,easy,Магниты,Сколько полюсов у постоянного магнита?,"[""2"", ""1"", ""3"", ""4""]",2,Северный и южный полюса
physics,easy,Свет,С какой скоростью распространяется свет в вакууме?,"[""300 000 км/с"", ""30 000 км/с"", ""3 000 км/с"", ""3 000 000 км/с""]",300 000 км/с,Это максимально возможная скорость во Вселенной
physics,easy,Звук,В какой среде звук распространяется быстрее?,"[""В твёрдых телах"", ""В газах"", ""В жидкостях"", ""В вакууме""]",В твёрдых телах,"Чем плотнее среда, тем быстрее распространяется звук"
physics,easy,Отражение света,Чему равен угол отражения света?,"[""Углу падения"", ""90°"", ""0°"", ""Половине угла падения""]",Углу падения,Это закон отражения света
physics,medium,Законы Ньютона,"С какой силой нужно действовать на тело массой 4 кг, чтобы сообщить ему ускорение 3 м/с²?","[""12 Н"", ""7 Н"", ""1,33 Н"", ""0,75 Н""]",12 Н,Второй закон Ньютона: F = m × a
physics,medium,Работа,"Какую работу совершает сила 50 Н, перемещая тело на 4 м?","[""200 Дж"", ""54 Дж"", ""12,5 Дж"", ""100 Дж""]",200 Дж,A = F × s
physics,medium,Мощность,"Какова мощность двигателя, если за 10 секунд совершается работа 500 Дж?","[""50 Вт"", ""5000 Вт"", ""5 Вт"", ""500 Вт""]",50 Вт,N = A / t
physics,medium,Кинетическая энергия,"Чему равна кинетическая энергия тела массой 2 кг, движущегося со скоростью 3 м/с?","[""9 Дж"", ""6 Дж"", ""18 Дж"", ""3 Дж""]",9 Дж,Eₖ = mv²/2
physics,medium,Импульс,"Чему равен импульс тела массой 5 кг, движущегося со скоростью 4 м/с?","[""20 кг·м/с"", ""9 кг·м/с"", ""1,25 кг·м/с"", ""80 кг·м/с""]",20 кг·м/с,p = m × v
physics,medium,Закон Ома,"Напряжение на участке цепи 12 В, сопротивление 4 Ом. Чему равна сила тока?","[""3 А"", ""48 А"", ""0,33 А"", ""16 А""]",3 А,I = U / R
physics,medium,Последовательное соединение,Два резистора по 6 Ом соединены последовательно. Каково общее сопротивление?,"[""12 Ом"", ""3 Ом"", ""6 Ом"", ""36 Ом""]",12 Ом,При последовательном соединении сопротивления складываются
physics,medium,Параллельное соединение,Два резистора по 6 Ом соединены параллельно. Каково общее сопротивление?,"[""3 Ом"", ""12 Ом"", ""6 Ом"", ""36 Ом""]",3 Ом,1/R = 1/R₁ + 1/R₂
physics,medium,Колебания,Период колебаний маятника 2 с. Чему равна частота?,"[""0,5 Гц"", ""2 Гц"", ""4 Гц"", ""1 Гц""]","0,5 Гц",ν = 1 / T
physics,medium,Волны,"Скорость волны 340 м/с, частота 170 Гц. Чему равна длина волны?","[""2 м"", ""0,5 м"", ""57800 м"", ""510 м""]",2 м,λ = v / ν
physics,medium,Линзы,Какая линза собирает лучи в одну точку?,"[""Выпуклая (собирающая)"", ""Вогнутая (рассеивающая)"", ""Плоская"", ""Цилиндрическая""]",Выпуклая (собирающая),Собирающая линза толще в середине
physics,medium,Теплоёмкость,Сколько теплоты нужно для нагревания 2 кг воды на 10°C? (c = 4200 Дж/(кг·°C)),"[""84000 Дж"", ""42000 Дж"", ""8400 Дж"", ""840 Дж""]",84000 Дж,Q = c × m × Δt
physics,medium,Закон Архимеда,"Тело объёмом 0,002 м³ погружено в воду. Чему равна выталкивающая сила? (ρ воды = 1000 кг/м³)","[""20 Н"", ""2 Н"", ""200 Н"", ""2000 Н""]",20 Н,Fₐ = ρ × g × V
physics,medium,Давление в жидкостях,"На какой глубине в воде давление составляет 30000 Па? (ρ = 1000 кг/м³, g = 10 м/с²)","[""3 м"", ""30 м"", ""0,3 м"", ""300 м""]",3 м,"P = ρ × g × h, значит h = P / (ρ × g)"
physics,medium,КПД,"Полезная работа 400 Дж, затраченная 500 Дж. Чему равен КПД?","[""80%"", ""125%"", ""20%"", ""90%""]",80%,КПД = (Aполезная / Aзатраченная) × 100%
physics,medium,Ускорение,Скорость тела изменилась с 10 м/с до 30 м/с за 4 с. Чему равно ускорение?,"[""5 м/с²"", ""10 м/с²"", ""20 м/с²"", ""40 м/с²""]",5 м/с²,a = (v - v₀) / t
physics,medium,Свободное падение,Какова скорость тела через 3 секунды свободного падения? (g = 10 м/с²),"[""30 м/с"", ""45 м/с"", ""15 м/с"", ""10 м/с""]",30 м/с,v = g × t
physics,medium,Движение по окружности,Тело движется по окружности радиусом 2 м со скоростью 4 м/с. Чему равно центростремительное ускорение?,"[""8 м/с²"", ""2 м/с²"", ""16 м/с²"", ""0,5 м/с²""]",8 м/с²,a = v² / R
physics,hard,Релятивистская механика,"Во сколько раз увеличится масса тела, движущегося со скоростью 0,8c? (γ = 1/√(1-v²/c²))","[""В 5/3 раза"", ""В 2 раза"", ""В 4/3 раза"", ""В 1,25 раза""]",В 5/3 раза,"Вычислите γ = 1/√(1-0,64) = 1/√0,36"
physics,hard,Квантовая физика,"Чему равна энергия фотона с частотой 5×10¹⁴ Гц? (h = 6,6×10⁻³⁴ Дж·с)","[""3,3×10⁻¹⁹ Дж"", ""3,3×10⁻²⁰ Дж"", ""6,6×10⁻¹⁹ Дж"", ""1,32×10⁻¹⁹ Дж""]","3,3×10⁻¹⁹ Дж",E = h × ν
physics,hard,Ядерная физика,Сколько протонов и нейтронов в ядре урана-238?,"[""92 протона, 146 нейтронов"", ""92 протона, 238 нейтронов"", ""146 протонов, 92 нейтрона"", ""238 протонов, 92 нейтрона""]","92 протона, 146 нейтронов","Число протонов = атомный номер, нейтроны = массовое число минус протоны"
physics,hard,Электромагнитные волны,К какому диапазону относится излучение с длиной волны 500 нм?,"[""Видимый свет"", ""Ультрафиолет"", ""Инфракрасное"", ""Рентгеновское""]",Видимый свет,Видимый свет: 380-780 нм
physics,hard,Интерференция,При каком условии наблюдается максимум интерференции?,"[""Разность хода равна целому числу длин волн"", ""Разность хода равна нечётному числу полуволн"", ""Волны имеют разную частоту"", ""Волны распространяются перпендикулярно""]",Разность хода равна целому числу длин волн,"Δ = nλ, где n — целое число"
physics,hard,Дифракция,На какой решётке угол дифракции больше для одной и той же длины волны?,"[""С меньшим периодом"", ""С большим периодом"", ""Угол не зависит от периода"", ""С большим числом штрихов""]",С меньшим периодом,"sin θ = nλ/d, чем меньше d, тем больше sin θ"
physics,hard,Фотоэффект,Как изменится максимальная кинетическая энергия фотоэлектронов при увеличении частоты света?,"[""Увеличится"", ""Уменьшится"", ""Не изменится"", ""Станет равной нулю""]",Увеличится,"Eₖ = hν - Aвых, энергия пропорциональна частоте"
physics,hard,Радиоактивность,Период полураспада изотопа 8 суток. Какая часть атомов останется через 24 суток?,"[""1/8"", ""1/4"", ""1/3"", ""1/16""]",1/8,За каждый период полураспада остаётся 1/2; 24/8 = 3 периода
physics,hard,Термодинамика,В изотермическом процессе газ получил 500 Дж теплоты. Какую работу он совершил?,"[""500 Дж"", ""0 Дж"", ""250 Дж"", ""-500 Дж""]",500 Дж,"При изотермическом процессе ΔU = 0, значит Q = A"
physics,hard,Газовые законы,Идеальный газ изобарно нагрели от 300 К до 600 К. Как изменился объём?,"[""Увеличился в 2 раза"", ""Увеличился в 4 раза"", ""Не изменился"", ""Уменьшился в 2 раза""]",Увеличился в 2 раза,При постоянном давлении V/T = const
physics,hard,Электрическое поле,Как изменится сила взаимодействия двух зарядов при увеличении расстояния в 3 раза?,"[""Уменьшится в 9 раз"", ""Уменьшится в 3 раза"", ""Увеличится в 9 раз"", ""Увеличится в 3 раза""]",Уменьшится в 9 раз,По закону Кулона F ~ 1/r²
physics,hard,Магнитное поле,"Как направлена сила Лоренца, действующая на положительный заряд, движущийся перпендикулярно магнитному полю?","[""Перпендикулярно скорости и полю"", ""По направлению поля"", ""Против направления скорости"", ""По направлению скорости""]",Перпендикулярно скорости и полю,Используйте правило левой руки
physics,hard,Электромагнитная индукция,"Магнитный поток через контур изменился на 0,4 Вб за 0,1 с. Чему равна ЭДС индукции?","[""4 В"", ""0,04 В"", ""40 В"", ""0,4 В""]",4 В,ε = ΔΦ / Δt
physics,hard,Резонанс,При каком условии наступает резонанс в колебательном контуре?,"[""Частота внешнего воздействия равна собственной частоте"", ""Амплитуда максимальна"", ""Сопротивление минимально"", ""Энергия сохраняется""]",Частота внешнего воздействия равна собственной частоте,При резонансе ω = ω₀
physics,hard,Оптика,Предмет находится на расстоянии 30 см от линзы с фокусным расстоянием 10 см. На каком расстоянии получится изображение?,"[""15 см"", ""20 см"", ""7,5 см"", ""40 см""]",15 см,"1/F = 1/d + 1/f, где d — расстояние до предмета"
physics,hard,Атомная физика,На какой серии линий спектра водорода электрон переходит на второй уровень?,"[""Серия Бальмера"", ""Серия Лаймана"", ""Серия Пашена"", ""Серия Брэкетта""]",Серия Бальмера,"Серия определяется номером уровня, на который переходит электрон"
physics,hard,Баллистика,"Под каким углом к горизонту нужно бросить тело, чтобы дальность полёта была максимальной?","[""45°"", ""30°"", ""60°"", ""90°""]",45°,"L = v₀² × sin(2α) / g, максимум при sin(2α) = 1"
physics,hard,Гармонические колебания,Уравнение колебаний x = 5cos(4t). Чему равна амплитуда и частота?,"[""A = 5, ω = 4"", ""A = 4, ω = 5"", ""A = 5, ω = 2π"", ""A = 20, ω = 1""]","A = 5, ω = 4",В уравнении x = A·cos(ωt) первый коэффициент — амплитуда
physics,hard,Переменный ток,"Чему равно действующее значение тока, если амплитудное значение 10 А?","[""7,07 А"", ""10 А"", ""14,14 А"", ""5 А""]","7,07 А","I = I₀ / √2 ≈ I₀ × 0,707"
informatics,easy,Системы счисления,Переведите число 5 из десятичной системы в двоичную,"[""101"", ""110"", ""100"", ""111""]",101,5 = 4 + 1 = 2² + 2⁰
informatics,easy,Единицы информации,Сколько бит в одном байте?,"[""8"", ""16"", ""2"", ""1024""]",8,Это основная единица хранения информации
informatics,easy,Алгоритмы,"Как называется алгоритм, в котором команды выполняются последовательно?","[""Линейный"", ""Циклический"", ""Разветвляющийся"", ""Рекурсивный""]",Линейный,Команды идут одна за другой без условий и повторений
informatics,easy,Логические операции,Чему равно значение выражения: True AND False?,"[""False"", ""True"", ""1"", ""Null""]",False,AND даёт True только если оба операнда True
informatics,easy,Файловая система,Какое расширение обычно имеют текстовые документы?,"["".txt"", "".exe"", "".mp3"", "".jpg""]",.txt,От английского слова 'text'
informatics,easy,Устройства компьютера,Какое устройство отвечает за вывод изображения?,"[""Монитор"", ""Клавиатура"", ""Мышь"", ""Сканер""]",Монитор,На нём отображается информация
informatics,easy,Программное обеспечение,К какому типу ПО относится операционная система?,"[""Системное"", ""Прикладное"", ""Инструментальное"", ""Игровое""]",Системное,Это ПО управляет работой компьютера
informatics,easy,Интернет,Как называется уникальный адрес веб-страницы?,"[""URL"", ""IP"", ""DNS"", ""HTML""]",URL,Uniform Resource Locator — единый указатель ресурса
informatics,easy,Текстовый редактор,Какая комбинация клавиш копирует выделенный текст?,"[""Ctrl+C"", ""Ctrl+V"", ""Ctrl+X"", ""Ctrl+Z""]",Ctrl+C,C от слова Copy (копировать)
informatics,easy,Электронные таблицы,Как обозначается ячейка в первом столбце и первой строке?,"[""A1"", ""1A"", ""11"", ""AA""]",A1,"Сначала буква столбца, затем номер строки"
informatics,easy,Базы данных,Как называется строка таблицы в базе данных?,"[""Запись"", ""Поле"", ""Ключ"", ""Запрос""]",Запись,Содержит данные об одном объекте
informatics,easy,Кодирование текста,В кодировке ASCII один символ занимает:,"[""1 байт"", ""2 байта"", ""4 байта"", ""1 бит""]",1 байт,ASCII — 8-битная кодировка
informatics,easy,Типы данных,К какому типу относится значение 3.14?,"[""Вещественное (float)"", ""Целое (int)"", ""Строковое (string)"", ""Логическое (bool)""]",Вещественное (float),Число с дробной частью
informatics,easy,Переменные,Что произойдёт после выполнения: x = 5; x = x + 1?,"[""x станет равно 6"", ""x останется 5"", ""Ошибка"", ""x станет равно 1""]",x станет равно 6,"Сначала вычисляется правая часть, затем присваивается"
informatics,easy,Ввод/вывод,Какая команда в Python выводит текст на экран?,"[""print()"", ""input()"", ""write()"", ""echo()""]",print(),От английского 'печатать'
informatics,easy,Условный оператор,Какое ключевое слово используется для условного оператора?,"[""if"", ""for"", ""while"", ""def""]",if,От английского 'если'
informatics,easy,Циклы,Сколько раз выполнится цикл for i in range(5)?,"[""5"", ""4"", ""6"", ""1""]",5,range(5) создаёт последовательность от 0 до 4
informatics,easy,Массивы,Какой индекс у первого элемента массива в большинстве языков программирования?,"[""0"", ""1"", ""-1"", ""Любой""]",0,Нумерация начинается с нуля
informatics,easy,Графика,Какой формат изображений поддерживает прозрачность?,"[""PNG"", ""JPEG"", ""BMP"", ""TIFF""]",PNG,Portable Network Graphics
informatics,easy,Безопасность,"Как называется вредоносная программа, маскирующаяся под полезную?","[""Троян"", ""Червь"", ""Антивирус"", ""Браузер""]",Троян,Название связано с троянским конём из мифологии
informatics,medium,Системы счисления,Переведите число 1011₂ в десятичную систему,"[""11"", ""13"", ""9"", ""10""]",11,1×2³ + 0×2² + 1×2¹ + 1×2⁰
informatics,medium,Логические выражения,Чему равно: (True OR False) AND NOT False?,"[""True"", ""False"", ""Error"", ""None""]",True,"Сначала вычислите скобки, затем NOT, потом AND"
informatics,medium,Сортировка,Какова сложность алгоритма сортировки пузырьком в худшем случае?,"[""O(n²)"", ""O(n)"", ""O(log n)"", ""O(n log n)""]",O(n²),Требуется два вложенных цикла
informatics,medium,Поиск,Какова сложность бинарного поиска?,"[""O(log n)"", ""O(n)"", ""O(n²)"", ""O(1)""]",O(log n),На каждом шаге область поиска уменьшается вдвое
informatics,medium,Графы,"Как называется граф, в котором все вершины связаны?","[""Полный"", ""Связный"", ""Ориентированный"", ""Взвешенный""]",Полный,Каждая вершина соединена со всеми остальными
informatics,medium,Рекурсия,"Чему равно factorial(4), если factorial(n) = n * factorial(n-1), factorial(1) = 1?","[""24"", ""12"", ""16"", ""4""]",24,4! = 4 × 3 × 2 × 1
informatics,medium,Функции,Что возвращает функция len('Hello')?,"[""5"", ""4"", ""6"", ""Hello""]",5,Функция len() возвращает длину строки
informatics,medium,ООП,"Как называется механизм, позволяющий классу наследовать свойства другого класса?","[""Наследование"", ""Инкапсуляция"", ""Полиморфизм"", ""Абстракция""]",Наследование,Дочерний класс получает свойства родительского
informatics,medium,SQL,Какой оператор используется для выборки данных из таблицы?,"[""SELECT"", ""INSERT"", ""UPDATE"", ""DELETE""]",SELECT,От английского 'выбрать'
informatics,medium,IP-адреса,Сколько бит в IPv4-адресе?,"[""32"", ""64"", ""128"", ""16""]",32,4 октета по 8 бит каждый
informatics,medium,Кодирование изображений,Сколько цветов можно закодировать 8 битами?,"[""256"", ""128"", ""512"", ""64""]",256,2⁸ = ?
informatics,medium,Кодирование звука,Как называется процесс преобразования аналогового сигнала в цифровой?,"[""Дискретизация"", ""Модуляция"", ""Компрессия"", ""Фильтрация""]",Дискретизация,Непрерывный сигнал разбивается на отдельные значения
informatics,medium,Сложность алгоритмов,Какой алгоритм быстрее: O(n) или O(n log n)?,"[""O(n)"", ""O(n log n)"", ""Одинаково"", ""Зависит от n""]",O(n),log n всегда положительный при n > 1
informatics,medium,Строки,Что вернёт 'Hello'[1:4]?,"[""ell"", ""Hel"", ""ello"", ""Hell""]",ell,Срез с индекса 1 до 3 включительно
informatics,medium,Двумерные массивы,Как обратиться к элементу во 2-й строке и 3-м столбце массива a?,"[""a[1][2]"", ""a[2][3]"", ""a[3][2]"", ""a[2,3]""]",a[1][2],Индексация начинается с 0
informatics,medium,Структуры данных,Какая структура данных работает по принципу LIFO?,"[""Стек"", ""Очередь"", ""Список"", ""Дерево""]",Стек,Last In — First Out (последним пришёл — первым вышел)
informatics,medium,Файловые операции,Какой режим открытия файла используется для записи?,"[""'w'"", ""'r'"", ""'x'"", ""'a'""]",'w',От слова write (писать)
informatics,medium,Протоколы,Какой протокол используется для передачи веб-страниц?,"[""HTTP"", ""FTP"", ""SMTP"", ""SSH""]",HTTP,HyperText Transfer Protocol
informatics,medium,Модели данных,Какая модель данных используется в большинстве современных СУБД?,"[""Реляционная"", ""Иерархическая"", ""Сетевая"", ""Объектная""]",Реляционная,Данные хранятся в таблицах со связями
informatics,medium,Криптография,"Как называется метод шифрования, где один ключ для шифрования и расшифровки?","[""Симметричное"", ""Асимметричное"", ""Хеширование"", ""Стеганография""]",Симметричное,Один и тот же ключ используется обеими сторонами
informatics,hard,Теория графов,Какой алгоритм находит кратчайший путь во взвешенном графе?,"[""Дейкстры"", ""BFS"", ""DFS"", ""Прима""]",Дейкстры,Использует жадный подход с приоритетной очередью
informatics,hard,Динамическое программирование,Какой принцип лежит в основе динамического программирования?,"[""Оптимальная подструктура и перекрывающиеся подзадачи"", ""Разделяй и властвуй"", ""Жадный выбор"", ""Полный перебор""]",Оптимальная подструктура и перекрывающиеся подзадачи,Решение большой задачи через решения меньших подзадач
informatics,hard,Жадные алгоритмы,Какую задачу решает алгоритм Хаффмана?,"[""Оптимальное кодирование"", ""Сортировка"", ""Поиск пути"", ""Балансировка дерева""]",Оптимальное кодирование,Создаёт префиксный код с минимальной средней длиной
informatics,hard,Хеширование,Какова сложность поиска в хеш-таблице в среднем случае?,"[""O(1)"", ""O(n)"", ""O(log n)"", ""O(n²)""]",O(1),Прямой доступ по вычисленному индексу
informatics,hard,Деревья,Какое свойство имеет AVL-дерево?,"[""Сбалансированность по высоте"", ""Все листья на одном уровне"", ""Максимум 2 потомка"", ""Упорядоченность""]",Сбалансированность по высоте,Разница высот поддеревьев не более 1
informatics,hard,Рекурсивные алгоритмы,Чему равна сложность рекурсивного вычисления n-го числа Фибоначчи без мемоизации?,"[""O(2ⁿ)"", ""O(n)"", ""O(n²)"", ""O(log n)""]",O(2ⁿ),Каждый вызов порождает два новых вызова
informatics,hard,Комбинаторные алгоритмы,Сколько перестановок можно составить из 4 различных элементов?,"[""24"", ""16"", ""12"", ""4""]",24,n! = 4!
informatics,hard,Машина Тьюринга,Что является основным компонентом машины Тьюринга?,"[""Бесконечная лента и головка"", ""Процессор и память"", ""Стек и очередь"", ""Граф и вершины""]",Бесконечная лента и головка,Абстрактная модель вычислений с лентой символов
informatics,hard,Теория автоматов,Какой автомат может распознавать контекстно-свободные языки?,"[""Автомат с магазинной памятью"", ""Конечный автомат"", ""Машина Тьюринга"", ""Линейно ограниченный автомат""]",Автомат с магазинной памятью,Использует стек для хранения информации
informatics,hard,NP-полные задачи,Какая из задач является NP-полной?,"[""Задача коммивояжёра"", ""Сортировка"", ""Бинарный поиск"", ""Нахождение минимума""]",Задача коммивояжёра,Не известен полиномиальный алгоритм решения
informatics,hard,RSA,На чём основана стойкость алгоритма RSA?,"[""Сложность факторизации больших чисел"", ""Дискретное логарифмирование"", ""Проблема рюкзака"", ""Сложность хеширования""]",Сложность факторизации больших чисел,Трудно разложить произведение двух больших простых чисел
informatics,hard,Сжатие данных,К какому типу относится алгоритм сжатия JPEG?,"[""С потерями"", ""Без потерь"", ""Архивация"", ""Шифрование""]",С потерями,Часть информации теряется при сжатии
informatics,hard,Параллельное программирование,Что такое deadlock?,"[""Взаимная блокировка потоков"", ""Переполнение памяти"", ""Бесконечный цикл"", ""Ошибка синтаксиса""]",Взаимная блокировка потоков,Потоки ждут друг друга и не могут продолжить
informatics,hard,Сетевые протоколы,На каком уровне модели OSI работает протокол TCP?,"[""Транспортный"", ""Сетевой"", ""Канальный"", ""Прикладной""]",Транспортный,4-й уровень модели OSI
informatics,hard,Алгоритмы на графах,Какой алгоритм используется для поиска минимального остовного дерева?,"[""Алгоритм Краскала"", ""Алгоритм Дейкстры"", ""Алгоритм Флойда"", ""BFS""]",Алгоритм Краскала,"Жадный алгоритм, добавляющий рёбра в порядке возрастания веса"
informatics,hard,Теория информации,Чему равна энтропия источника с двумя равновероятными символами?,"[""1 бит"", ""2 бита"", ""0,5 бит"", ""0 бит""]",1 бит,H = -Σ p·log₂(p)
informatics,hard,Формальные языки,Какой тип грамматик порождает регулярные языки?,"[""Тип 3 (регулярные)"", ""Тип 2 (контекстно-свободные)"", ""Тип 1 (контекстно-зависимые)"", ""Тип 0 (неограниченные)""]",Тип 3 (регулярные),По классификации Хомского
informatics,hard,Нормализация БД,Какую аномалию устраняет третья нормальная форма?,"[""Транзитивные зависимости"", ""Повторяющиеся группы"", ""Частичные зависимости"", ""Многозначные зависимости""]",Транзитивные зависимости,3НФ: нет зависимостей неключевых атрибутов от других неключевых
informatics,hard,Оптимизация,Какой метод оптимизации используется в нейронных сетях?,"[""Градиентный спуск"", ""Линейное программирование"", ""Симплекс-метод"", ""Метод ветвей и границ""]",Градиентный спуск,Итеративное уменьшение функции потерь
russian,easy,Части речи,К какой части речи относится слово 'красивый'?,"[""Прилагательное"", ""Существительное"", ""Глагол"", ""Наречие""]",Прилагательное,Отвечает на вопрос 'какой?'
russian,easy,Члены предложения,Каким членом предложения является подлежащее?,"[""Главным"", ""Второстепенным"", ""Однородным"", ""Обособленным""]",Главным,Подлежащее и сказуемое — главные члены
russian,easy,Правописание гласных,Какую букву нужно вставить: в_да?,"[""о"", ""а"", ""е"", ""и""]",о,Проверочное слово — 'воды'
russian,easy,Правописание ЖИ-ШИ,Как правильно написать: ж_знь?,"[""жизнь"", ""жызнь"", ""жезнь"", ""жазнь""]",жизнь,ЖИ-ШИ пиши с буквой И
russian,easy,Правописание ЧА-ЩА,Как правильно написать: ч_ща?,"[""чаща"", ""чяща"", ""чащя"", ""чеща""]",чаща,ЧА-ЩА пиши с буквой А
russian,easy,Мягкий знак,В каком слове пишется мягкий знак?,"[""ночь"", ""врач"", ""плащ"", ""мяч""]",ночь,Ь пишется в существительных 3-го склонения
russian,easy,Заглавная буква,Какое слово пишется с заглавной буквы?,"[""Москва"", ""город"", ""столица"", ""река""]",Москва,Имена собственные пишутся с большой буквы
russian,easy,Знаки препинания,Какой знак ставится в конце повествовательного предложения?,"[""Точка"", ""Вопросительный знак"", ""Восклицательный знак"", ""Двоеточие""]",Точка,Повествовательное предложение сообщает о чём-либо
russian,easy,Антонимы,Какое слово является антонимом к слову 'горячий'?,"[""Холодный"", ""Тёплый"", ""Жаркий"", ""Прохладный""]",Холодный,Антонимы — слова с противоположным значением
russian,easy,Синонимы,Какое слово является синонимом к слову 'большой'?,"[""Огромный"", ""Маленький"", ""Средний"", ""Узкий""]",Огромный,Синонимы — слова с близким значением
russian,easy,Ударение,В каком слове ударение падает на второй слог?,"[""Звонит"", ""Торты"", ""Банты"", ""Краны""]",Звонит,ЗвонИт — ударение на последнем слоге
russian,easy,Слоги,Сколько слогов в слове 'молоко'?,"[""3"", ""2"", ""4"", ""5""]",3,"Сколько гласных, столько и слогов"
russian,easy,Однокоренные слова,Какое слово однокоренное к слову 'лес'?,"[""Лесник"", ""Листок"", ""Лестница"", ""Лиса""]",Лесник,Однокоренные слова имеют общий корень и значение
russian,easy,Приставки,Какая приставка в слове 'выход'?,"[""вы-"", ""в-"", ""вых-"", ""выхо-""]",вы-,Приставка стоит перед корнем
russian,easy,Суффиксы,Какой суффикс в слове 'домик'?,"[""-ик"", ""-к"", ""-ом"", ""-дом""]",-ик,Суффикс стоит после корня
russian,easy,Род существительных,Какого рода слово 'окно'?,"[""Среднего"", ""Мужского"", ""Женского"", ""Общего""]",Среднего,Можно подставить местоимение 'оно'
russian,easy,Число существительных,В каком числе стоит слово 'книги'?,"[""Множественном"", ""Единственном"", ""Двойственном"", ""Собирательном""]",Множественном,Обозначает несколько предметов
russian,easy,Падежи,Какой падеж отвечает на вопросы 'кого? чего?'?,"[""Родительный"", ""Дательный"", ""Винительный"", ""Именительный""]",Родительный,Нет кого? чего?
russian,easy,Времена глаголов,В каком времени стоит глагол 'читал'?,"[""Прошедшем"", ""Настоящем"", ""Будущем"", ""Неопределённом""]",Прошедшем,Действие уже произошло
russian,easy,Лицо глаголов,Какого лица глагол 'читаю'?,"[""1-го лица"", ""2-го лица"", ""3-го лица"", ""Безличный""]",1-го лица,Я читаю
russian,medium,Причастия,Какое слово является причастием?,"[""Читающий"", ""Читать"", ""Чтение"", ""Читатель""]",Читающий,Причастие отвечает на вопрос 'какой?' и образуется от глагола
russian,medium,Деепричастия,Какое слово является деепричастием?,"[""Читая"", ""Читающий"", ""Прочитанный"", ""Чтение""]",Читая,Деепричастие отвечает на вопросы 'что делая? что сделав?'
russian,medium,Сложные предложения,Какое предложение является сложносочинённым?,"[""Солнце светило, и птицы пели."", ""Когда пришла весна, снег растаял."", ""Дом, который построил Джек."", ""Я знаю, что ты придёшь.""]","Солнце светило, и птицы пели.",Части ССП соединены сочинительным союзом
russian,medium,Однородные члены,Нужна ли запятая: 'Он купил хлеб_ и молоко'?,"[""Нет"", ""Да"", ""Зависит от интонации"", ""Нужно тире""]",Нет,Между однородными членами с одиночным союзом И запятая не ставится
russian,medium,Обособления,Нужны ли запятые: 'Мой друг_ живущий в Москве_ приехал'?,"[""Да, обе"", ""Нет"", ""Только первая"", ""Только вторая""]","Да, обе",Причастный оборот после определяемого слова обособляется
russian,medium,Прямая речь,Как правильно оформить прямую речь: Он сказал_ Идём домой?,"[""Он сказал: «Идём домой»."", ""Он сказал, Идём домой."", ""Он сказал - Идём домой."", ""Он сказал; «Идём домой».""]",Он сказал: «Идём домой».,"После слов автора ставится двоеточие, прямая речь в кавычках"
russian,medium,Н и НН в прилагательных,Сколько букв Н в слове 'серебря_ый'?,"[""Одна (серебряный)"", ""Две (серебрянный)"", ""Три"", ""Ни одной""]",Одна (серебряный),"Суффикс -ЯН- пишется с одной Н (исключения: стеклянный, оловянный, деревянный)"
